feature,human_mean,base_mean,aligned_mean,d_base_vs_human,d_aligned_vs_human,p_base_vs_human,p_aligned_vs_human
type_token_ratio,0.6006516086091733,0.5720822459342689,0.6617710386514326,-0.1344229707477216,0.6583368278823386,0.8929810897428558,1.7941743416658684e-33
distinct_1gram,0.6006516086091733,0.5720822459342689,0.6617710386514326,-0.1344229707477216,0.6583368278823386,0.8929810897428558,1.7941743416658684e-33
distinct_2gram,0.913784884499288,0.7532273713605949,0.9188916050041364,-0.7385514045592227,0.08607545911597902,0.149881430626553,0.0006585684610355515
distinct_3gram,0.9719648371170396,0.7928213515790923,0.967428077111271,-0.8457603563086097,-0.11498538826186715,0.0009899010175339394,0.65930833221298
mean_sent_length,23.329924021268585,28.774269895081748,22.67784489548463,0.2928820166623442,-0.10705895555921703,0.36120301520545284,0.15739593097306093
std_sent_length,9.579855263984797,14.54452637319019,5.63333436589301,0.29614249274397436,-0.6503234985188199,0.00010346448588837218,4.972443739788155e-144
mean_word_length,5.383883444732981,5.77042785899077,5.972236193086208,0.06559706941470857,0.37423177971166616,0.6017385507352526,9.949123305875608e-90
hapax_ratio,0.7127360223616507,0.6294363204477451,0.7475541310873071,-0.37569805317621885,0.43775413682440517,0.6798037080097676,1.2133188039183889e-18
num_tokens,181.764,244.58266666666665,127.996,0.7260201740030364,-1.2912367554887838,5.504005515521358e-16,2.533482558627601e-137
